Wireless motion sensor,COMPONENTS,1,JTS,DIP,no,10,10,no,no,no,10,10,10,1,1,1
4Ω/5W Speakers,COMPONENTS,2,JTS,DIP,no,10,10,no,no,no,10,10,10,1,1,1
Computer Sockets,COMPONENTS,3,JTS,DIP,no,10,10,no,no,no,10,10,10,1,1,1
Motion sensor,COMPONENTS,4,JTS,DIP,no,10,10,no,no,no,10,10,10,1,1,1
Ceiling mound PIR 360 module,COMPONENTS,5,JTS,DIP,no,10,10,no,no,no,10,10,10,1,1,1
Stepper Servo drive,COMPONENTS,6,JTS,DIP,no,10,10,no,no,no,10,10,10,1,1,1
Stepper motor drive,COMPONENTS,7,JTS,DIP,no,10,10,no,no,no,10,10,10,1,1,1
DC motor-12V,COMPONENTS,8,JTS,DIP,no,10,10,no,no,no,10,10,10,1,1,1
DC motor-05V,COMPONENTS,9,JTS,DIP,no,10,10,no,no,no,10,10,10,1,1,1
DC Solinide volves,COMPONENTS,10,JTS,DIP,no,10,10,no,no,no,10,10,10,1,1,1
Buzzer,COMPONENTS,11,JTS,DIP,no,10,10,no,no,no,10,10,10,1,1,1
Acs-712current sensor,COMPONENTS,12,JTS,DIP,no,10,10,no,no,no,10,10,10,1,1,1
Light sensors,COMPONENTS,13,JTS,DIP,no,10,10,no,no,no,10,10,10,1,1,1
Ultra sonic sensor,COMPONENTS,14,JTS,DIP,no,10,10,no,no,no,10,10,10,1,1,1
204J capacitor,COMPONENTS,15,JTS,DIP,no,10,10,no,no,no,10,10,10,1,1,1
105J/400V capacitor,COMPONENTS,16,JTS,DIP,no,10,10,no,no,no,10,10,10,1,1,1
Temperature sensor,COMPONENTS,17,JTS,DIP,no,10,10,no,no,no,10,10,10,1,1,1
Multi colourLED,COMPONENTS,18,JTS,DIP,no,10,10,no,no,no,10,10,10,1,1,1
3mm, LEDS,19,JTS,DIP,no,10,10,no,no,no,10,10,10,1,1,1
5mm LEDS, LEDS,20,JTS,DIP,no,10,10,no,no,no,10,10,10,1,1,1
RED, LEDS,21,JTS,DIP,no,10,10,no,no,no,10,10,10,1,1,1
yellow, LEDS,22,JTS,DIP,no,10,10,no,no,no,10,10,10,1,1,1
Green, LEDS,23,JTS,DIP,no,10,10,no,no,no,10,10,10,1,1,1
MQ3,COMPONENTS,24,JTS,DIP,no,10,10,no,no,no,10,10,10,1,1,1
SPDT Switches,COMPONENTS,25,JTS,DIP,no,10,10,no,no,no,10,10,10,1,1,1
5 amp fuses,COMPONENTS,26,JTS,DIP,no,10,10,no,no,no,10,10,10,1,1,1
GY-30 sensor,COMPONENTS,27,JTS,DIP,no,10,10,no,no,no,10,10,10,1,1,1
474/400V capacitor,COMPONENTS,28,JTS,DIP,no,10,10,no,no,no,10,10,10,1,1,1
LED smd red,COMPONENTS,29,JTS,DIP,no,10,10,no,no,no,10,10,10,1,1,1
10k smd (1206  package),COMPONENTS,30,JTS,DIP,no,10,10,no,no,no,10,10,10,1,1,1
RFID Reader ,COMPONENTS,31,JTS,DIP,no,10,10,no,no,no,10,10,10,1,1,1
4.7k smd(1206 package),COMPONENTS,32,JTS,DIP,no,10,10,no,no,no,10,10,10,1,1,1
1k smd(1206 Package),COMPONENTS,33,JTS,DIP,no,10,10,no,no,no,10,10,10,1,1,1
7805 Regulator,COMPONENTS,34,JTS,DIP,no,10,10,no,no,no,10,10,10,1,1,1
104 PF/3A,COMPONENTS,35,JTS,DIP,no,10,10,no,no,no,10,10,10,1,1,1
ULN 2003(ic),COMPONENTS,36,JTS,DIP,no,10,10,no,no,no,10,10,10,1,1,1
IC 7473,COMPONENTS,37,JTS,DIP,no,10,10,no,no,no,10,10,10,1,1,1
"Temp,humidity sensor",COMPONENTS,38,JTS,DIP,no,10,10,no,no,no,10,10,10,1,1,1
M5 90 E,COMPONENTS,39,JTS,DIP,no,10,10,no,no,no,10,10,10,1,1,1
Moisture sensor,COMPONENTS,40,JTS,DIP,no,10,10,no,no,no,10,10,10,1,1,1
Key pad,COMPONENTS,41,JTS,DIP,no,10,10,no,no,no,10,10,10,1,1,1
Pressure sensor(touch sensor),COMPONENTS,42,JTS,DIP,no,10,10,no,no,no,10,10,10,1,1,1
6 pin male pins,COMPONENTS,43,JTS,DIP,no,10,10,no,no,no,10,10,10,1,1,1
6 pin female pins,COMPONENTS,44,JTS,DIP,no,10,10,no,no,no,10,10,10,1,1,1
Display(16*20),COMPONENTS,45,JTS,DIP,no,10,10,no,no,no,10,10,10,1,1,1
Display(4*16),COMPONENTS,46,JTS,DIP,no,10,10,no,no,no,10,10,10,1,1,1
CP 2102,COMPONENTS,47,JTS,DIP,no,10,10,no,no,no,10,10,10,1,1,1
BC 557,COMPONENTS,48,JTS,DIP,no,10,10,no,no,no,10,10,10,1,1,1
TIP 122,COMPONENTS,49,JTS,DIP,no,10,10,no,no,no,10,10,10,1,1,1
10 pin connector,COMPONENTS,50,JTS,DIP,no,10,10,no,no,no,10,10,10,1,1,1
16 pin IC base,COMPONENTS,51,JTS,DIP,no,10,10,no,no,no,10,10,10,1,1,1
18 pin IC base,COMPONENTS,52,JTS,DIP,no,10,10,no,no,no,10,10,10,1,1,1
IC 7474,COMPONENTS,53,JTS,DIP,no,10,10,no,no,no,10,10,10,1,1,1
6 pin male connector,COMPONENTS,54,JTS,DIP,no,10,10,no,no,no,10,10,10,1,1,1
ULL 2803 IC,COMPONENTS,55,JTS,DIP,no,10,10,no,no,no,10,10,10,1,1,1
smd 557,COMPONENTS,56,JTS,DIP,no,10,10,no,no,no,10,10,10,1,1,1
Push buttons(2 pole 2 mm),COMPONENTS,57,JTS,DIP,no,10,10,no,no,no,10,10,10,1,1,1
Push buttons(4 pole 10 mm),COMPONENTS,58,JTS,DIP,no,10,10,no,no,no,10,10,10,1,1,1
BTA-12-600V,COMPONENTS,59,JTS,DIP,no,10,10,no,no,no,10,10,10,1,1,1
IRF 830,COMPONENTS,60,JTS,DIP,no,10,10,no,no,no,10,10,10,1,1,1
Opto 4N35,COMPONENTS,61,JTS,DIP,no,10,10,no,no,no,10,10,10,1,1,1
Iql-74,COMPONENTS,62,JTS,DIP,no,10,10,no,no,no,10,10,10,1,1,1
PB 107(Bridge rectifier),COMPONENTS,63,JTS,DIP,no,10,10,no,no,no,10,10,10,1,1,1
CD 4050,COMPONENTS,64,JTS,DIP,no,10,10,no,no,no,10,10,10,1,1,1
Gas sensors,COMPONENTS,65,JTS,DIP,no,10,10,no,no,no,10,10,10,1,1,1
RJ 45 pin,COMPONENTS,66,JTS,DIP,no,10,10,no,no,no,10,10,10,1,1,1
RJ 45 pin Sockets pcb mount,COMPONENTS,67,JTS,DIP,no,10,10,no,no,no,10,10,10,1,1,1
Dc Round pins pcb mount,COMPONENTS,68,JTS,DIP,no,10,10,no,no,no,10,10,10,1,1,1
NSB 455j,COMPONENTS,69,JTS,DIP,no,10,10,no,no,no,10,10,10,1,1,1
IRF 3205,COMPONENTS,70,JTS,DIP,no,10,10,no,no,no,10,10,10,1,1,1
LM 356(IC),COMPONENTS,71,JTS,DIP,no,10,10,no,no,no,10,10,10,1,1,1
LM 1117,COMPONENTS,72,JTS,DIP,no,10,10,no,no,no,10,10,10,1,1,1
10k POT,COMPONENTS,73,JTS,DIP,no,10,10,no,no,no,10,10,10,1,1,1
Ic74138,COMPONENTS,74,JTS,DIP,no,10,10,no,no,no,10,10,10,1,1,1
USB male pins,COMPONENTS,75,JTS,DIP,no,10,10,no,no,no,10,10,10,1,1,1
USB female pins,COMPONENTS,76,JTS,DIP,no,10,10,no,no,no,10,10,10,1,1,1
USB female pins v3,COMPONENTS,77,JTS,DIP,no,10,10,no,no,no,10,10,10,1,1,1
USB female pins V8,COMPONENTS,78,JTS,DIP,no,10,10,no,no,no,10,10,10,1,1,1
LDRS,COMPONENTS,79,JTS,DIP,no,10,10,no,no,no,10,10,10,1,1,1
L293D,COMPONENTS,80,JTS,DIP,no,10,10,no,no,no,10,10,10,1,1,1
LM 311,COMPONENTS,81,JTS,DIP,no,10,10,no,no,no,10,10,10,1,1,1
BC 547,COMPONENTS,82,JTS,DIP,no,10,10,no,no,no,10,10,10,1,1,1
PCF 847,COMPONENTS,83,JTS,DIP,no,10,10,no,no,no,10,10,10,1,1,1
1k POT,COMPONENTS,84,JTS,DIP,no,10,10,no,no,no,10,10,10,1,1,1
Glass breaker sensor,COMPONENTS,85,JTS,DIP,no,10,10,no,no,no,10,10,10,1,1,1
LED Striplet,COMPONENTS,86,JTS,DIP,no,10,10,no,no,no,10,10,10,1,1,1
Motion sensor,COMPONENTS,87,JTS,DIP,no,10,10,no,no,no,10,10,10,1,1,1
Water sensor,COMPONENTS,88,JTS,DIP,no,10,10,no,no,no,10,10,10,1,1,1
RFID Remote&receiver,COMPONENTS,89,JTS,DIP,no,10,10,no,no,no,10,10,10,1,1,1
IR proximity sensor,COMPONENTS,90,JTS,DIP,no,10,10,no,no,no,10,10,10,1,1,1
Bluetooth HC05,COMPONENTS,91,JTS,DIP,no,10,10,no,no,no,10,10,10,1,1,1
IR sensors,COMPONENTS,92,JTS,DIP,no,10,10,no,no,no,10,10,10,1,1,1
6pin female connector,COMPONENTS,93,JTS,DIP,no,10,10,no,no,no,10,10,10,1,1,1
mikes,COMPONENTS,94,JTS,DIP,no,10,10,no,no,no,10,10,10,1,1,1
Dimmer Regulator 1500W,COMPONENTS,95,JTS,DIP,no,10,10,no,no,no,10,10,10,1,1,1
Current sensors 712 ACS 30A,COMPONENTS,96,JTS,DIP,no,10,10,no,no,no,10,10,10,1,1,1
Servo drivers,COMPONENTS,97,JTS,DIP,no,10,10,no,no,no,10,10,10,1,1,1
Rocker Switches,COMPONENTS,98,JTS,DIP,no,10,10,no,no,no,10,10,10,1,1,1
Servo motor SG90,COMPONENTS,99,JTS,DIP,no,10,10,no,no,no,10,10,10,1,1,1
RJ 45 wall sockets,COMPONENTS,100,JTS,DIP,no,10,10,no,no,no,10,10,10,1,1,1
push to on/off,COMPONENTS,101,JTS,DIP,no,10,10,no,no,no,10,10,10,1,1,1
IN5408 diodes,COMPONENTS,102,JTS,DIP,no,10,10,no,no,no,10,10,10,1,1,1
104J,COMPONENTS,103,JTS,DIP,no,10,10,no,no,no,10,10,10,1,1,1
104k,COMPONENTS,104,JTS,DIP,no,10,10,no,no,no,10,10,10,1,1,1
BD 140,COMPONENTS,105,JTS,DIP,no,10,10,no,no,no,10,10,10,1,1,1
0.475/400V,COMPONENTS,106,JTS,DIP,no,10,10,no,no,no,10,10,10,1,1,1
6V Bulb,COMPONENTS,107,JTS,DIP,no,10,10,no,no,no,10,10,10,1,1,1
on/off switch,COMPONENTS,108,JTS,DIP,no,10,10,no,no,no,10,10,10,1,1,1
BD 139,COMPONENTS,109,JTS,DIP,no,10,10,no,no,no,10,10,10,1,1,1
ESP 8266,COMPONENTS,110,JTS,DIP,no,10,10,no,no,no,10,10,10,1,1,1
General purpose pcb IIC,COMPONENTS,111,JTS,DIP,no,10,10,no,no,no,10,10,10,1,1,1
General purpose pcb,COMPONENTS,112,JTS,DIP,no,10,10,no,no,no,10,10,10,1,1,1
20 pin IC base,COMPONENTS,113,JTS,DIP,no,10,10,no,no,no,10,10,10,1,1,1
74HC574,COMPONENTS,114,JTS,DIP,no,10,10,no,no,no,10,10,10,1,1,1
ESP male female jumper pins,COMPONENTS,115,JTS,DIP,no,10,10,no,no,no,10,10,10,1,1,1
PN 2907,COMPONENTS,116,JTS,DIP,no,10,10,no,no,no,10,10,10,1,1,1
IR Tx and Rx TSD1238,COMPONENTS,117,JTS,DIP,no,10,10,no,no,no,10,10,10,1,1,1
4017 IC,COMPONENTS,118,JTS,DIP,no,10,10,no,no,no,10,10,10,1,1,1
32GB memory card with adaptor,COMPONENTS,119,JTS,DIP,no,10,10,no,no,no,10,10,10,1,1,1
memory card 32GB ,COMPONENTS,120,JTS,DIP,no,10,10,no,no,no,10,10,10,1,1,1
3 pin connector(green)AC,COMPONENTS,121,JTS,DIP,no,10,10,no,no,no,10,10,10,1,1,1
2 pin connector AC,COMPONENTS,122,JTS,DIP,no,10,10,no,no,no,10,10,10,1,1,1
4 pin connector AC,COMPONENTS,123,JTS,DIP,no,10,10,no,no,no,10,10,10,1,1,1
10 pin connector pcb male,COMPONENTS,124,JTS,DIP,no,10,10,no,no,no,10,10,10,1,1,1
2 pin jumpers,COMPONENTS,125,JTS,DIP,no,10,10,no,no,no,10,10,10,1,1,1
lockers switches SSR 40,COMPONENTS,126,JTS,DIP,no,10,10,no,no,no,10,10,10,1,1,1
HDMA cable ,COMPONENTS,127,JTS,DIP,no,10,10,no,no,no,10,10,10,1,1,1
Robotic part kits,COMPONENTS,128,JTS,DIP,no,10,10,no,no,no,10,10,10,1,1,1
6 pin connetor(MALE PCB),COMPONENTS,129,JTS,DIP,no,10,10,no,no,no,10,10,10,1,1,1
AC adaptor with usb slot,COMPONENTS,130,JTS,DIP,no,10,10,no,no,no,10,10,10,1,1,1
limit switches,COMPONENTS,131,JTS,DIP,no,10,10,no,no,no,10,10,10,1,1,1
DC pins(wired),COMPONENTS,132,JTS,DIP,no,10,10,no,no,no,10,10,10,1,1,1
DC pins(panel mount),COMPONENTS,133,JTS,DIP,no,10,10,no,no,no,10,10,10,1,1,1
de soldering pumps,COMPONENTS,134,JTS,DIP,no,10,10,no,no,no,10,10,10,1,1,1
"GSM,GPS circuit",COMPONENTS,135,JTS,DIP,no,10,10,no,no,no,10,10,10,1,1,1
fore sips ,COMPONENTS,136,JTS,DIP,no,10,10,no,no,no,10,10,10,1,1,1
soldering tips ,COMPONENTS,137,JTS,DIP,no,10,10,no,no,no,10,10,10,1,1,1
9v battery,COMPONENTS,138,JTS,DIP,no,10,10,no,no,no,10,10,10,1,1,1
mobile battery (BL-4c 3.7v 890 mah,COMPONENTS,139,JTS,DIP,no,10,10,no,no,no,10,10,10,1,1,1
3.7v li battery,COMPONENTS,140,JTS,DIP,no,10,10,no,no,no,10,10,10,1,1,1
usb 10 TTLCP2102,COMPONENTS,141,JTS,DIP,no,10,10,no,no,no,10,10,10,1,1,1
S111733,COMPONENTS,142,JTS,DIP,no,10,10,no,no,no,10,10,10,1,1,1
Lugs ,COMPONENTS,143,JTS,DIP,no,10,10,no,no,no,10,10,10,1,1,1
Lugs ,COMPONENTS,144,JTS,DIP,no,10,10,no,no,no,10,10,10,1,1,1
usb to universal serial port,COMPONENTS,145,JTS,DIP,no,10,10,no,no,no,10,10,10,1,1,1
RF 1D Tx and Receiver,COMPONENTS,146,JTS,DIP,no,10,10,no,no,no,10,10,10,1,1,1
LM 317,COMPONENTS,147,JTS,DIP,no,10,10,no,no,no,10,10,10,1,1,1
Tip 42c,COMPONENTS,148,JTS,DIP,no,10,10,no,no,no,10,10,10,1,1,1
Tip 36c,COMPONENTS,149,JTS,DIP,no,10,10,no,no,no,10,10,10,1,1,1
pcf8574 I to c interface,COMPONENTS,150,JTS,DIP,no,10,10,no,no,no,10,10,10,1,1,1
geared motor 10rpm,COMPONENTS,151,JTS,DIP,no,10,10,no,no,no,10,10,10,1,1,1
TIP127,COMPONENTS,152,JTS,DIP,no,10,10,no,no,no,10,10,10,1,1,1
Ic pcf8574,COMPONENTS,153,JTS,DIP,no,10,10,no,no,no,10,10,10,1,1,1
7806 Regulator ,COMPONENTS,154,JTS,DIP,no,10,10,no,no,no,10,10,10,1,1,1
7812 regulator,COMPONENTS,155,JTS,DIP,no,10,10,no,no,no,10,10,10,1,1,1
2N 7000,COMPONENTS,156,JTS,DIP,no,10,10,no,no,no,10,10,10,1,1,1
IN 4007 SMD M7 ,COMPONENTS,157,JTS,DIP,no,10,10,no,no,no,10,10,10,1,1,1
330Ω SMD,COMPONENTS,158,JTS,DIP,no,10,10,no,no,no,10,10,10,1,1,1
Relays,COMPONENTS,159,JTS,DIP,no,10,10,no,no,no,10,10,10,1,1,1
12v/16amp,COMPONENTS,160,JTS,DIP,no,10,10,no,no,no,10,10,10,1,1,1
5v/10amp,COMPONENTS,161,JTS,DIP,no,10,10,no,no,no,10,10,10,1,1,1
12v/10amp sp,COMPONENTS,162,JTS,DIP,no,10,10,no,no,no,10,10,10,1,1,1
12v/2amp,COMPONENTS,163,JTS,DIP,no,10,10,no,no,no,10,10,10,1,1,1
12v/10amp,COMPONENTS,164,JTS,DIP,no,10,10,no,no,no,10,10,10,1,1,1
Soldering lead(60/40)50g,COMPONENTS,165,JTS,DIP,no,10,10,no,no,no,10,10,10,1,1,1
De soldering wicks,COMPONENTS,166,JTS,DIP,no,10,10,no,no,no,10,10,10,1,1,1
Soldering flux,COMPONENTS,167,JTS,DIP,no,10,10,no,no,no,10,10,10,1,1,1
Quick fix flux,COMPONENTS,168,JTS,DIP,no,10,10,no,no,no,10,10,10,1,1,1
Mechanical solder paste,COMPONENTS,169,JTS,DIP,no,10,10,no,no,no,10,10,10,1,1,1
Heat sink compound,COMPONENTS,170,JTS,DIP,no,10,10,no,no,no,10,10,10,1,1,1
12-0-12/750mA transformer,COMPONENTS,171,JTS,DIP,no,10,10,no,no,no,10,10,10,1,1,1
6-0-6/500mA transformer,COMPONENTS,172,JTS,DIP,no,10,10,no,no,no,10,10,10,1,1,1
4 1/2-0-4 1/2/200mA transformer,COMPONENTS,173,JTS,DIP,no,10,10,no,no,no,10,10,10,1,1,1
Bread Board,COMPONENTS,174,JTS,DIP,no,10,10,no,no,no,10,10,10,1,1,1
Wheels,COMPONENTS,175,JTS,DIP,no,10,10,no,no,no,10,10,10,1,1,1
Zorric maintance spray,COMPONENTS,176,JTS,DIP,no,10,10,no,no,no,10,10,10,1,1,1
100Ω/5W,COMPONENTS,177,JTS,DIP,no,10,10,no,no,no,10,10,10,1,1,1
220Ω/5W,COMPONENTS,178,JTS,DIP,no,10,10,no,no,no,10,10,10,1,1,1
LED SMD white,COMPONENTS,179,JTS,DIP,no,10,10,no,no,no,10,10,10,1,1,1
847 smd Transistors,COMPONENTS,180,JTS,DIP,no,10,10,no,no,no,10,10,10,1,1,1
D-link router,COMPONENTS,181,JTS,DIP,no,10,10,no,no,no,10,10,10,1,1,1
Disc capacitors,COMPONENTS,182,JTS,DIP,no,10,10,no,no,no,10,10,10,1,1,1
4k7 PF,COMPONENTS,183,JTS,DIP,no,10,10,no,no,no,10,10,10,1,1,1
470 PF,COMPONENTS,184,JTS,DIP,no,10,10,no,no,no,10,10,10,1,1,1
12 PF,COMPONENTS,185,JTS,DIP,no,10,10,no,no,no,10,10,10,1,1,1
3K3 PF,COMPONENTS,186,JTS,DIP,no,10,10,no,no,no,10,10,10,1,1,1
30 PF,COMPONENTS,187,JTS,DIP,no,10,10,no,no,no,10,10,10,1,1,1
330 PF,COMPONENTS,188,JTS,DIP,no,10,10,no,no,no,10,10,10,1,1,1
1K1 PF,COMPONENTS,189,JTS,DIP,no,10,10,no,no,no,10,10,10,1,1,1
220 PF,COMPONENTS,190,JTS,DIP,no,10,10,no,no,no,10,10,10,1,1,1
47 PF,COMPONENTS,191,JTS,DIP,no,10,10,no,no,no,10,10,10,1,1,1
7 PF,COMPONENTS,192,JTS,DIP,no,10,10,no,no,no,10,10,10,1,1,1
68 PF,COMPONENTS,193,JTS,DIP,no,10,10,no,no,no,10,10,10,1,1,1
648 PF,COMPONENTS,194,JTS,DIP,no,10,10,no,no,no,10,10,10,1,1,1
10K PF,COMPONENTS,195,JTS,DIP,no,10,10,no,no,no,10,10,10,1,1,1
2K2 PF,COMPONENTS,196,JTS,DIP,no,10,10,no,no,no,10,10,10,1,1,1
15 PF,COMPONENTS,197,JTS,DIP,no,10,10,no,no,no,10,10,10,1,1,1
22 PF,COMPONENTS,198,JTS,DIP,no,10,10,no,no,no,10,10,10,1,1,1
10 PF,COMPONENTS,199,JTS,DIP,no,10,10,no,no,no,10,10,10,1,1,1
0.001µF,COMPONENTS,200,JTS,DIP,no,10,10,no,no,no,10,10,10,1,1,1
0.002µF,COMPONENTS,201,JTS,DIP,no,10,10,no,no,no,10,10,10,1,1,1
0.0022µF,COMPONENTS,202,JTS,DIP,no,10,10,no,no,no,10,10,10,1,1,1
2.2 PF,COMPONENTS,203,JTS,DIP,no,10,10,no,no,no,10,10,10,1,1,1
18 PF,COMPONENTS,204,JTS,DIP,no,10,10,no,no,no,10,10,10,1,1,1
27 PF,COMPONENTS,205,JTS,DIP,no,10,10,no,no,no,10,10,10,1,1,1
0.47 PF,COMPONENTS,206,JTS,DIP,no,10,10,no,no,no,10,10,10,1,1,1
2.7 PF,COMPONENTS,207,JTS,DIP,no,10,10,no,no,no,10,10,10,1,1,1
0.01 µf,COMPONENTS,208,JTS,DIP,no,10,10,no,no,no,10,10,10,1,1,1
104 pf,COMPONENTS,209,JTS,DIP,no,10,10,no,no,no,10,10,10,1,1,1
100 pf,COMPONENTS,210,JTS,DIP,no,10,10,no,no,no,10,10,10,1,1,1
40A DC relay,COMPONENTS,211,JTS,DIP,no,10,10,no,no,no,10,10,10,1,1,1
104 pf SMD(1206),COMPONENTS,212,JTS,DIP,no,10,10,no,no,no,10,10,10,1,1,1
104 pf SMD(0805),COMPONENTS,213,JTS,DIP,no,10,10,no,no,no,10,10,10,1,1,1
1.5k SMD (1206),COMPONENTS,214,JTS,DIP,no,10,10,no,no,no,10,10,10,1,1,1
4.7k SMD ,COMPONENTS,215,JTS,DIP,no,10,10,no,no,no,10,10,10,1,1,1
330Ω SMD,COMPONENTS,216,JTS,DIP,no,10,10,no,no,no,10,10,10,1,1,1
470k SMD,COMPONENTS,217,JTS,DIP,no,10,10,no,no,no,10,10,10,1,1,1
18 pin IC base,COMPONENTS,218,JTS,DIP,no,10,10,no,no,no,10,10,10,1,1,1
Bluetooth,COMPONENTS,219,JTS,DIP,no,10,10,no,no,no,10,10,10,1,1,1
2k2/10W resistor,COMPONENTS,220,JTS,DIP,no,10,10,no,no,no,10,10,10,1,1,1
1k/10W resistor,COMPONENTS,221,JTS,DIP,no,10,10,no,no,no,10,10,10,1,1,1
Eletronic lab,COMPONENTS,222,JTS,DIP,no,10,10,no,no,no,10,10,10,1,1,1
R & D components,COMPONENTS,223,JTS,DIP,no,10,10,no,no,no,10,10,10,1,1,1
LED holder,COMPONENTS,224,JTS,DIP,no,10,10,no,no,no,10,10,10,1,1,1
135P51010E,COMPONENTS,225,JTS,DIP,no,10,10,no,no,no,10,10,10,1,1,1
4921,COMPONENTS,226,JTS,DIP,no,10,10,no,no,no,10,10,10,1,1,1
BD677,COMPONENTS,227,JTS,DIP,no,10,10,no,no,no,10,10,10,1,1,1
B0405,COMPONENTS,228,JTS,DIP,no,10,10,no,no,no,10,10,10,1,1,1
CD40106,COMPONENTS,229,JTS,DIP,no,10,10,no,no,no,10,10,10,1,1,1
SB8550,COMPONENTS,230,JTS,DIP,no,10,10,no,no,no,10,10,10,1,1,1
BOX54C,COMPONENTS,231,JTS,DIP,no,10,10,no,no,no,10,10,10,1,1,1
TYN616DH2 scr,COMPONENTS,232,JTS,DIP,no,10,10,no,no,no,10,10,10,1,1,1
LA4445,COMPONENTS,233,JTS,DIP,no,10,10,no,no,no,10,10,10,1,1,1
BA5406,COMPONENTS,234,JTS,DIP,no,10,10,no,no,no,10,10,10,1,1,1
2N5322,COMPONENTS,235,JTS,DIP,no,10,10,no,no,no,10,10,10,1,1,1
C33740,COMPONENTS,236,JTS,DIP,no,10,10,no,no,no,10,10,10,1,1,1
2N4918,COMPONENTS,237,JTS,DIP,no,10,10,no,no,no,10,10,10,1,1,1
TIP 32C,COMPONENTS,238,JTS,DIP,no,10,10,no,no,no,10,10,10,1,1,1
TIP 31C,COMPONENTS,239,JTS,DIP,no,10,10,no,no,no,10,10,10,1,1,1
Voltage level shifter,COMPONENTS,240,JTS,DIP,no,10,10,no,no,no,10,10,10,1,1,1
74LS78 IC,COMPONENTS,241,JTS,DIP,no,10,10,no,no,no,10,10,10,1,1,1
S8050,COMPONENTS,242,JTS,DIP,no,10,10,no,no,no,10,10,10,1,1,1
NE555 P,COMPONENTS,243,JTS,DIP,no,10,10,no,no,no,10,10,10,1,1,1
N2907,COMPONENTS,244,JTS,DIP,no,10,10,no,no,no,10,10,10,1,1,1
MJE 3055T,COMPONENTS,245,JTS,DIP,no,10,10,no,no,no,10,10,10,1,1,1
MJE 2955T,COMPONENTS,246,JTS,DIP,no,10,10,no,no,no,10,10,10,1,1,1
10Ω/5W,COMPONENTS,247,JTS,DIP,no,10,10,no,no,no,10,10,10,1,1,1
UM 3561,COMPONENTS,248,JTS,DIP,no,10,10,no,no,no,10,10,10,1,1,1
Rocker switch-big,COMPONENTS,249,JTS,DIP,no,10,10,no,no,no,10,10,10,1,1,1
push button 5A/250 A,COMPONENTS,250,JTS,DIP,no,10,10,no,no,no,10,10,10,1,1,1
push button on/off switch,COMPONENTS,251,JTS,DIP,no,10,10,no,no,no,10,10,10,1,1,1
79E3HK,COMPONENTS,252,JTS,DIP,no,10,10,no,no,no,10,10,10,1,1,1
Transistor188,COMPONENTS,253,JTS,DIP,no,10,10,no,no,no,10,10,10,1,1,1
Transistor187,COMPONENTS,254,JTS,DIP,no,10,10,no,no,no,10,10,10,1,1,1
74HC118,COMPONENTS,255,JTS,DIP,no,10,10,no,no,no,10,10,10,1,1,1
ESP male jumpers,COMPONENTS,256,JTS,DIP,no,10,10,no,no,no,10,10,10,1,1,1
30amp relays,COMPONENTS,257,JTS,DIP,no,10,10,no,no,no,10,10,10,1,1,1
15v/1.5Aadaptor,COMPONENTS,258,JTS,DIP,no,10,10,no,no,no,10,10,10,1,1,1
12V/2amp adaptor,COMPONENTS,259,JTS,DIP,no,10,10,no,no,no,10,10,10,1,1,1
12V/1amp adaptor,COMPONENTS,260,JTS,DIP,no,10,10,no,no,no,10,10,10,1,1,1
5V/2amp adaptor,COMPONENTS,261,JTS,DIP,no,10,10,no,no,no,10,10,10,1,1,1
5V/1amp adaptor,COMPONENTS,262,JTS,DIP,no,10,10,no,no,no,10,10,10,1,1,1
15V/1amp adaptor,COMPONENTS,263,JTS,DIP,no,10,10,no,no,no,10,10,10,1,1,1
9V/2amp adaptor,COMPONENTS,264,JTS,DIP,no,10,10,no,no,no,10,10,10,1,1,1
1mfd/50V,CAPACITOR,265,JTS,DIP,no,10,10,no,no,no,10,10,10,1,1,1
1mfd/63V,CAPACITOR,266,JTS,DIP,no,10,10,no,no,no,10,10,10,1,1,1
2.2mfd/63V,CAPACITOR,267,JTS,DIP,no,10,10,no,no,no,10,10,10,1,1,1
4.7mfd/63V,CAPACITOR,268,JTS,DIP,no,10,10,no,no,no,10,10,10,1,1,1
10mfd/25V,CAPACITOR,269,JTS,DIP,no,10,10,no,no,no,10,10,10,1,1,1
22mfd/50V,CAPACITOR,270,JTS,DIP,no,10,10,no,no,no,10,10,10,1,1,1
22mfd/63V,CAPACITOR,271,JTS,DIP,no,10,10,no,no,no,10,10,10,1,1,1
47mfd/50V,CAPACITOR,272,JTS,DIP,no,10,10,no,no,no,10,10,10,1,1,1
47mfd/25V,CAPACITOR,273,JTS,DIP,no,10,10,no,no,no,10,10,10,1,1,1
47mfd/63V,CAPACITOR,274,JTS,DIP,no,10,10,no,no,no,10,10,10,1,1,1
100mfd/25V,CAPACITOR,275,JTS,DIP,no,10,10,no,no,no,10,10,10,1,1,1
220mfd/25V,CAPACITOR,276,JTS,DIP,no,10,10,no,no,no,10,10,10,1,1,1
330mfd/25V,CAPACITOR,277,JTS,DIP,no,10,10,no,no,no,10,10,10,1,1,1
470mfd/25V,CAPACITOR,278,JTS,DIP,no,10,10,no,no,no,10,10,10,1,1,1
1000mfd/25V,CAPACITOR,279,JTS,DIP,no,10,10,no,no,no,10,10,10,1,1,1
2200mfd/25V,CAPACITOR,280,JTS,DIP,no,10,10,no,no,no,10,10,10,1,1,1
3300mfd/25V,CAPACITOR,281,JTS,DIP,no,10,10,no,no,no,10,10,10,1,1,1
10mfd/25V smd,CAPACITOR,282,JTS,DIP,no,10,10,no,no,no,10,10,10,1,1,1
RFID reader cards,COMPONENTS,283,JTS,DIP,no,10,10,no,no,no,10,10,10,1,1,1
Arduino,ARDUINO,284,JTS,DIP,no,10,10,no,no,no,10,10,10,1,1,1
Arduino cable,ARDUINO,285,JTS,DIP,no,10,10,no,no,no,10,10,10,1,1,1
IN4007 Diodes,DIODE,286,JTS,DIP,no,10,10,no,no,no,10,10,10,1,1,1
IN4148 zenor,DIODE,287,JTS,DIP,no,10,10,no,no,no,10,10,10,1,1,1
3.3V zenor,DIODE,288,JTS,DIP,no,10,10,no,no,no,10,10,10,1,1,1
4.7V zenor,DIODE,289,JTS,DIP,no,10,10,no,no,no,10,10,10,1,1,1
5.6V zenor,DIODE,290,JTS,DIP,no,10,10,no,no,no,10,10,10,1,1,1
6.2V zenor,DIODE,291,JTS,DIP,no,10,10,no,no,no,10,10,10,1,1,1
6.8V zenor,DIODE,292,JTS,DIP,no,10,10,no,no,no,10,10,10,1,1,1
7.5V zenor,DIODE,293,JTS,DIP,no,10,10,no,no,no,10,10,10,1,1,1
8.2V zenor,DIODE,294,JTS,DIP,no,10,10,no,no,no,10,10,10,1,1,1
9.1V zenor,DIODE,295,JTS,DIP,no,10,10,no,no,no,10,10,10,1,1,1
10V zenor,DIODE,296,JTS,DIP,no,10,10,no,no,no,10,10,10,1,1,1
12V zenor,DIODE,297,JTS,DIP,no,10,10,no,no,no,10,10,10,1,1,1
15V zenor,DIODE,298,JTS,DIP,no,10,10,no,no,no,10,10,10,1,1,1
27V zenor,DIODE,299,JTS,DIP,no,10,10,no,no,no,10,10,10,1,1,1
5.1V zenor,DIODE,300,JTS,DIP,no,10,10,no,no,no,10,10,10,1,1,1
IN5408 Diodes,DIODE,301,JTS,DIP,no,10,10,no,no,no,10,10,10,1,1,1
Aurdino monitor,Arduino,302,JTS,DIP,no,10,10,no,no,no,10,10,10,1,1,1
key board,COMPONENTS,303,JTS,DIP,no,10,10,no,no,no,10,10,10,1,1,1
mouse,COMPONENTS,304,JTS,DIP,no,10,10,no,no,no,10,10,10,1,1,1
Door han photocell pair,COMPONENTS,305,JTS,DIP,no,10,10,no,no,no,10,10,10,1,1,1
Photo cells pair(CAME),COMPONENTS,306,JTS,DIP,no,10,10,no,no,no,10,10,10,1,1,1
LED 5mm blue,COMPONENTS,307,JTS,DIP,no,10,10,no,no,no,10,10,10,1,1,1
LED smd red,COMPONENTS,308,JTS,DIP,no,10,10,no,no,no,10,10,10,1,1,1
CAT5 cable in  meter,COMPONENTS,309,JTS,DIP,no,10,10,no,no,no,10,10,10,1,1,1
Samsung door lock,COMPONENTS,310,JTS,DIP,no,10,10,no,no,no,10,10,10,1,1,1
cp plus door lock,COMPONENTS,311,JTS,DIP,no,10,10,no,no,no,10,10,10,1,1,1
Godreg security system,COMPONENTS,312,JTS,DIP,no,10,10,no,no,no,10,10,10,1,1,1
4V/1ah lead acid battries,COMPONENTS,313,JTS,DIP,no,10,10,no,no,no,10,10,10,1,1,1
HIKVISON VDP INDOOR unit,COMPONENTS,314,JTS,DIP,no,10,10,no,no,no,10,10,10,1,1,1
HIKVISON VDP OUTDOOR unit,COMPONENTS,315,JTS,DIP,no,10,10,no,no,no,10,10,10,1,1,1
Cable ties with tag,COMPONENTS,316,JTS,DIP,no,10,10,no,no,no,10,10,10,1,1,1
iball/Slide Tab,COMPONENTS,317,JTS,DIP,no,10,10,no,no,no,10,10,10,1,1,1
iball/Slide Tab,COMPONENTS,318,JTS,DIP,no,10,10,no,no,no,10,10,10,1,1,1
"acer  11.6""Laptop",COMPONENTS,319,JTS,DIP,no,10,10,no,no,no,10,10,10,1,1,1
Network  video recorder,COMPONENTS,320,JTS,DIP,no,10,10,no,no,no,10,10,10,1,1,1
L com key switch,COMPONENTS,321,JTS,DIP,no,10,10,no,no,no,10,10,10,1,1,1
panic buttons,COMPONENTS,322,JTS,DIP,no,10,10,no,no,no,10,10,10,1,1,1
MASTECH Multimeter,COMPONENTS,323,JTS,DIP,no,10,10,no,no,no,10,10,10,1,1,1
multimeter,COMPONENTS,324,JTS,DIP,no,10,10,no,no,no,10,10,10,1,1,1
7809regulater,COMPONENTS,325,JTS,DIP,no,10,10,no,no,no,10,10,10,1,1,1
IC7476,COMPONENTS,326,JTS,DIP,no,10,10,no,no,no,10,10,10,1,1,1
Steppermotor45kg/cm torque,COMPONENTS,327,JTS,DIP,no,10,10,no,no,no,10,10,10,1,1,1
Tiny 5V dc motor,COMPONENTS,328,JTS,DIP,no,10,10,no,no,no,10,10,10,1,1,1
1117 smd,COMPONENTS,329,JTS,DIP,no,10,10,no,no,no,10,10,10,1,1,1
ras berry pi,COMPONENTS,330,JTS,DIP,no,10,10,no,no,no,10,10,10,1,1,1
Hard disk 1TB,COMPONENTS,331,JTS,DIP,no,10,10,no,no,no,10,10,10,1,1,1
iball recovery pendrive,COMPONENTS,332,JTS,DIP,no,10,10,no,no,no,10,10,10,1,1,1
sandhya recovery pendrive,COMPONENTS,333,JTS,DIP,no,10,10,no,no,no,10,10,10,1,1,1
krisp recovery pendrive,COMPONENTS,334,JTS,DIP,no,10,10,no,no,no,10,10,10,1,1,1
1/022 single wire packet,COMPONENTS,335,JTS,DIP,no,10,10,no,no,no,10,10,10,1,1,1
wire strippers,COMPONENTS,336,JTS,DIP,no,10,10,no,no,no,10,10,10,1,1,1
cutter(nipper),COMPONENTS,337,JTS,DIP,no,10,10,no,no,no,10,10,10,1,1,1
wheels,COMPONENTS,338,JTS,DIP,no,10,10,no,no,no,10,10,10,1,1,1
wire less charger,COMPONENTS,339,JTS,DIP,no,10,10,no,no,no,10,10,10,1,1,1
soldering iron25W,COMPONENTS,340,JTS,DIP,no,10,10,no,no,no,10,10,10,1,1,1
micro soldering pen,COMPONENTS,341,JTS,DIP,no,10,10,no,no,no,10,10,10,1,1,1
soldering iron stand,COMPONENTS,342,JTS,DIP,no,10,10,no,no,no,10,10,10,1,1,1
micro soldering station,COMPONENTS,343,JTS,DIP,no,10,10,no,no,no,10,10,10,1,1,1
screw drivers,COMPONENTS,344,JTS,DIP,no,10,10,no,no,no,10,10,10,1,1,1
cutting plier,COMPONENTS,345,JTS,DIP,no,10,10,no,no,no,10,10,10,1,1,1
crimping tool,COMPONENTS,346,JTS,DIP,no,10,10,no,no,no,10,10,10,1,1,1
4C relays,COMPONENTS,347,JTS,DIP,no,10,10,no,no,no,10,10,10,1,1,1
8C relays,COMPONENTS,348,JTS,DIP,no,10,10,no,no,no,10,10,10,1,1,1
power cords 2pin,COMPONENTS,349,JTS,DIP,no,10,10,no,no,no,10,10,10,1,1,1
power cords 3pin,COMPONENTS,350,JTS,DIP,no,10,10,no,no,no,10,10,10,1,1,1
IR blaster,COMPONENTS,351,JTS,DIP,no,10,10,no,no,no,10,10,10,1,1,1
VDP(cp-unb-c22)out door unit,COMPONENTS,352,JTS,DIP,no,10,10,no,no,no,10,10,10,1,1,1
VDP in door unit,COMPONENTS,353,JTS,DIP,no,10,10,no,no,no,10,10,10,1,1,1
Heat sinks,COMPONENTS,354,JTS,DIP,no,10,10,no,no,no,10,10,10,1,1,1
USB data cable,COMPONENTS,355,JTS,DIP,no,10,10,no,no,no,10,10,10,1,1,1
104pf/3A capacitors,COMPONENTS,356,JTS,DIP,no,10,10,no,no,no,10,10,10,1,1,1
BTA-12-600V,COMPONENTS,357,JTS,DIP,no,10,10,no,no,no,10,10,10,1,1,1
16A/240V contactors,COMPONENTS,358,JTS,DIP,no,10,10,no,no,no,10,10,10,1,1,1
GPS tracking system,COMPONENTS,359,JTS,DIP,no,10,10,no,no,no,10,10,10,1,1,1
glue sticks,COMPONENTS,360,JTS,DIP,no,10,10,no,no,no,10,10,10,1,1,1
geared motor 5v,COMPONENTS,361,JTS,DIP,no,10,10,no,no,no,10,10,10,1,1,1
DC motor 60rpm,COMPONENTS,362,JTS,DIP,no,10,10,no,no,no,10,10,10,1,1,1
HDMA extender,COMPONENTS,363,JTS,DIP,no,10,10,no,no,no,10,10,10,1,1,1
LDR,COMPONENTS,364,JTS,DIP,no,10,10,no,no,no,10,10,10,1,1,1
LED holders,COMPONENTS,365,JTS,DIP,no,10,10,no,no,no,10,10,10,1,1,1
20 pin ic base,COMPONENTS,366,JTS,DIP,no,10,10,no,no,no,10,10,10,1,1,1
8 pin ic base,COMPONENTS,367,JTS,DIP,no,10,10,no,no,no,10,10,10,1,1,1
14 pin ic base,COMPONENTS,368,JTS,DIP,no,10,10,no,no,no,10,10,10,1,1,1
PLC18F microcontroller,COMPONENTS,369,JTS,DIP,no,10,10,no,no,no,10,10,10,1,1,1
MJ11015,COMPONENTS,370,JTS,DIP,no,10,10,no,no,no,10,10,10,1,1,1
OBD module,COMPONENTS,371,JTS,DIP,no,10,10,no,no,no,10,10,10,1,1,1
POT100K,COMPONENTS,372,JTS,DIP,no,10,10,no,no,no,10,10,10,1,1,1
POT1M,COMPONENTS,373,JTS,DIP,no,10,10,no,no,no,10,10,10,1,1,1
PLC16F microcontroller,COMPONENTS,374,JTS,DIP,no,10,10,no,no,no,10,10,10,1,1,1
power bank,COMPONENTS,375,JTS,DIP,no,10,10,no,no,no,10,10,10,1,1,1
preset alingers,COMPONENTS,376,JTS,DIP,no,10,10,no,no,no,10,10,10,1,1,1
power supply control 12V/3A,COMPONENTS,377,JTS,DIP,no,10,10,no,no,no,10,10,10,1,1,1
RJ45 sockets(pcb),COMPONENTS,378,JTS,DIP,no,10,10,no,no,no,10,10,10,1,1,1
SOT23 smd5408,COMPONENTS,379,JTS,DIP,no,10,10,no,no,no,10,10,10,1,1,1
laptop battery,COMPONENTS,380,JTS,DIP,no,10,10,no,no,no,10,10,10,1,1,1
laptop charger,COMPONENTS,381,JTS,DIP,no,10,10,no,no,no,10,10,10,1,1,1
6pin male pins,COMPONENTS,382,JTS,DIP,no,10,10,no,no,no,10,10,10,1,1,1
6pin female pins,COMPONENTS,383,JTS,DIP,no,10,10,no,no,no,10,10,10,1,1,1
10pin connectors,COMPONENTS,384,JTS,DIP,no,10,10,no,no,no,10,10,10,1,1,1
10pin connectors,COMPONENTS,385,JTS,DIP,no,10,10,no,no,no,10,10,10,1,1,1
6pin male connector…,COMPONENTS,386,JTS,DIP,no,10,10,no,no,no,10,10,10,1,1,1
4pinconnector,COMPONENTS,387,JTS,DIP,no,10,10,no,no,no,10,10,10,1,1,1
LED light15W,COMPONENTS,388,JTS,DIP,no,10,10,no,no,no,10,10,10,1,1,1
Final version home auto-pcb-withrelay,COMPONENTS,389,JTS,DIP,no,10,10,no,no,no,10,10,10,1,1,1
Final version home auto-pcb-withrelay,COMPONENTS,390,JTS,DIP,no,10,10,no,no,no,10,10,10,1,1,1
2pin connector,COMPONENTS,391,JTS,DIP,no,10,10,no,no,no,10,10,10,1,1,1
usb -universalserial port,COMPONENTS,392,JTS,DIP,no,10,10,no,no,no,10,10,10,1,1,1
RS232 toTTL,COMPONENTS,393,JTS,DIP,no,10,10,no,no,no,10,10,10,1,1,1
FUSES,COMPONENTS,394,JTS,DIP,no,10,10,no,no,no,10,10,10,1,1,1
6amp/big,COMPONENTS,395,JTS,DIP,no,10,10,no,no,no,10,10,10,1,1,1
6amp/small,COMPONENTS,396,JTS,DIP,no,10,10,no,no,no,10,10,10,1,1,1
10amp/big,COMPONENTS,397,JTS,DIP,no,10,10,no,no,no,10,10,10,1,1,1
10amp/small,COMPONENTS,398,JTS,DIP,no,10,10,no,no,no,10,10,10,1,1,1
15amp/big6,COMPONENTS,399,JTS,DIP,no,10,10,no,no,no,10,10,10,1,1,1
15amp/small,COMPONENTS,400,JTS,DIP,no,10,10,no,no,no,10,10,10,1,1,1
Black sleeve 2.0/1 in meters,COMPONENTS,401,JTS,DIP,no,10,10,no,no,no,10,10,10,1,1,1
Black sleeve3.0/1.5 in meters,COMPONENTS,402,JTS,DIP,no,10,10,no,no,no,10,10,10,1,1,1
Black sleeve5.0/1.5 in meters,COMPONENTS,403,JTS,DIP,no,10,10,no,no,no,10,10,10,1,1,1
Black sleeve 1.0/1 in meters,COMPONENTS,404,JTS,DIP,no,10,10,no,no,no,10,10,10,1,1,1
male-female jumper,COMPONENTS,405,JTS,DIP,no,10,10,no,no,no,10,10,10,1,1,1
femele-female jumper,COMPONENTS,406,JTS,DIP,no,10,10,no,no,no,10,10,10,1,1,1
male-male jumper,COMPONENTS,407,JTS,DIP,no,10,10,no,no,no,10,10,10,1,1,1
2pin female wire connector10mm,COMPONENTS,408,JTS,DIP,no,10,10,no,no,no,10,10,10,1,1,1
4pin female wire connector,COMPONENTS,409,JTS,DIP,no,10,10,no,no,no,10,10,10,1,1,1
6pin female wire connector,COMPONENTS,410,JTS,DIP,no,10,10,no,no,no,10,10,10,1,1,1
10wire ribboncable,COMPONENTS,411,JTS,DIP,no,10,10,no,no,no,10,10,10,1,1,1
female-female jumper(red/black,COMPONENTS,412,JTS,DIP,no,10,10,no,no,no,10,10,10,1,1,1
curtain holder,COMPONENTS,413,JTS,DIP,no,10,10,no,no,no,10,10,10,1,1,1
cp cable,COMPONENTS,414,JTS,DIP,no,10,10,no,no,no,10,10,10,1,1,1
cctv power supply12V/10A,COMPONENTS,415,JTS,DIP,no,10,10,no,no,no,10,10,10,1,1,1
8port hub,COMPONENTS,416,JTS,DIP,no,10,10,no,no,no,10,10,10,1,1,1
ARVINDA/Gandipet,COMPONENTS,417,JTS,DIP,no,10,10,no,no,no,10,10,10,1,1,1
Tp10L3C  camera,COMPONENTS,418,JTS,DIP,no,10,10,no,no,no,10,10,10,1,1,1
Power supply 12V/10A,COMPONENTS,419,JTS,DIP,no,10,10,no,no,no,10,10,10,1,1,1
Net work video recorder,COMPONENTS,420,JTS,DIP,no,10,10,no,no,no,10,10,10,1,1,1
Hard disk 1TB,COMPONENTS,421,JTS,DIP,no,10,10,no,no,no,10,10,10,1,1,1
RJ45 pins,COMPONENTS,422,JTS,DIP,no,10,10,no,no,no,10,10,10,1,1,1
RESISTORS/0.25W,RESISTORS,423,JTS,DIP,no,10,10,no,no,no,10,10,10,1,1,1
10E,RESISTORS,424,JTS,DIP,no,10,10,no,no,no,10,10,10,1,1,1
15E,RESISTORS,425,JTS,DIP,no,10,10,no,no,no,10,10,10,1,1,1
22E,RESISTORS,426,JTS,DIP,no,10,10,no,no,no,10,10,10,1,1,1
27E,RESISTORS,427,JTS,DIP,no,10,10,no,no,no,10,10,10,1,1,1
33E,RESISTORS,428,JTS,DIP,no,10,10,no,no,no,10,10,10,1,1,1
47E,RESISTORS,429,JTS,DIP,no,10,10,no,no,no,10,10,10,1,1,1
56E,RESISTORS,430,JTS,DIP,no,10,10,no,no,no,10,10,10,1,1,1
68E,RESISTORS,431,JTS,DIP,no,10,10,no,no,no,10,10,10,1,1,1
82E,RESISTORS,432,JTS,DIP,no,10,10,no,no,no,10,10,10,1,1,1
100E,RESISTORS,433,JTS,DIP,no,10,10,no,no,no,10,10,10,1,1,1
120E,RESISTORS,434,JTS,DIP,no,10,10,no,no,no,10,10,10,1,1,1
150E,RESISTORS,435,JTS,DIP,no,10,10,no,no,no,10,10,10,1,1,1
180E,RESISTORS,436,JTS,DIP,no,10,10,no,no,no,10,10,10,1,1,1
220E,RESISTORS,437,JTS,DIP,no,10,10,no,no,no,10,10,10,1,1,1
330E,RESISTORS,438,JTS,DIP,no,10,10,no,no,no,10,10,10,1,1,1
470E,RESISTORS,439,JTS,DIP,no,10,10,no,no,no,10,10,10,1,1,1
560E,RESISTORS,440,JTS,DIP,no,10,10,no,no,no,10,10,10,1,1,1
680E,RESISTORS,441,JTS,DIP,no,10,10,no,no,no,10,10,10,1,1,1
820E,RESISTORS,442,JTS,DIP,no,10,10,no,no,no,10,10,10,1,1,1
1K,RESISTORS,443,JTS,DIP,no,10,10,no,no,no,10,10,10,1,1,1
270E,RESISTORS,444,JTS,DIP,no,10,10,no,no,no,10,10,10,1,1,1
1K2,RESISTORS,445,JTS,DIP,no,10,10,no,no,no,10,10,10,1,1,1
1K5,RESISTORS,446,JTS,DIP,no,10,10,no,no,no,10,10,10,1,1,1
1K8,RESISTORS,447,JTS,DIP,no,10,10,no,no,no,10,10,10,1,1,1
2K2,RESISTORS,448,JTS,DIP,no,10,10,no,no,no,10,10,10,1,1,1
2K7,RESISTORS,449,JTS,DIP,no,10,10,no,no,no,10,10,10,1,1,1
3K3,RESISTORS,450,JTS,DIP,no,10,10,no,no,no,10,10,10,1,1,1
4K7,RESISTORS,451,JTS,DIP,no,10,10,no,no,no,10,10,10,1,1,1
5K6,RESISTORS,452,JTS,DIP,no,10,10,no,no,no,10,10,10,1,1,1
6K8,RESISTORS,453,JTS,DIP,no,10,10,no,no,no,10,10,10,1,1,1
8K2,RESISTORS,454,JTS,DIP,no,10,10,no,no,no,10,10,10,1,1,1
10K,RESISTORS,455,JTS,DIP,no,10,10,no,no,no,10,10,10,1,1,1
12K,RESISTORS,456,JTS,DIP,no,10,10,no,no,no,10,10,10,1,1,1
15K,RESISTORS,457,JTS,DIP,no,10,10,no,no,no,10,10,10,1,1,1
18K,RESISTORS,458,JTS,DIP,no,10,10,no,no,no,10,10,10,1,1,1
22K,RESISTORS,459,JTS,DIP,no,10,10,no,no,no,10,10,10,1,1,1
33K,RESISTORS,460,JTS,DIP,no,10,10,no,no,no,10,10,10,1,1,1
39K,RESISTORS,461,JTS,DIP,no,10,10,no,no,no,10,10,10,1,1,1
47K,RESISTORS,462,JTS,DIP,no,10,10,no,no,no,10,10,10,1,1,1
56K,RESISTORS,463,JTS,DIP,no,10,10,no,no,no,10,10,10,1,1,1
68K,RESISTORS,464,JTS,DIP,no,10,10,no,no,no,10,10,10,1,1,1
82K,RESISTORS,465,JTS,DIP,no,10,10,no,no,no,10,10,10,1,1,1
100K,RESISTORS,466,JTS,DIP,no,10,10,no,no,no,10,10,10,1,1,1
120K,RESISTORS,467,JTS,DIP,no,10,10,no,no,no,10,10,10,1,1,1
150K,RESISTORS,468,JTS,DIP,no,10,10,no,no,no,10,10,10,1,1,1
180K,RESISTORS,469,JTS,DIP,no,10,10,no,no,no,10,10,10,1,1,1
220K,RESISTORS,470,JTS,DIP,no,10,10,no,no,no,10,10,10,1,1,1
270K,RESISTORS,471,JTS,DIP,no,10,10,no,no,no,10,10,10,1,1,1
330K,RESISTORS,472,JTS,DIP,no,10,10,no,no,no,10,10,10,1,1,1
470K,RESISTORS,473,JTS,DIP,no,10,10,no,no,no,10,10,10,1,1,1
1E,RESISTORS,474,JTS,DIP,no,10,10,no,no,no,10,10,10,1,1,1
680K,RESISTORS,475,JTS,DIP,no,10,10,no,no,no,10,10,10,1,1,1
820K,RESISTORS,476,JTS,DIP,no,10,10,no,no,no,10,10,10,1,1,1
190K,RESISTORS,477,JTS,DIP,no,10,10,no,no,no,10,10,10,1,1,1
1M,RESISTORS,478,JTS,DIP,no,10,10,no,no,no,10,10,10,1,1,1
470E smd (1206),sensor,479,JTS,DIP,no,10,10,no,no,no,10,10,10,1,1,1
Magnetic sensor,sensor,480,JTS,DIP,no,10,10,no,no,no,10,10,10,1,1,1
G sensor red laser,sensor,481,JTS,DIP,no,10,10,no,no,no,10,10,10,1,1,1
8pin strips,sensor,482,JTS,DIP,no,10,10,no,no,no,10,10,10,1,1,1
16pinstrips,sensor,483,JTS,DIP,no,10,10,no,no,no,10,10,10,1,1,1
8pin slot,sensor,484,JTS,DIP,no,10,10,no,no,no,10,10,10,1,1,1
16pin slot,sensor,485,JTS,DIP,no,10,10,no,no,no,10,10,10,1,1,1
15E/5Wresistor,COMPONENTS,486,JTS,DIP,no,10,10,no,no,no,10,10,10,1,1,1
MOC3021,COMPONENTS,487,JTS,DIP,no,10,10,no,no,no,10,10,10,1,1,1
MOC3023,COMPONENTS,488,JTS,DIP,no,10,10,no,no,no,10,10,10,1,1,1
MOC3041,COMPONENTS,489,JTS,DIP,no,10,10,no,no,no,10,10,10,1,1,1
SFH615 opto,COMPONENTS,490,JTS,DIP,no,10,10,no,no,no,10,10,10,1,1,1
Lugs suitable for30A relays,COMPONENTS,491,JTS,DIP,no,10,10,no,no,no,10,10,10,1,1,1
Spikes,COMPONENTS,492,JTS,DIP,no,10,10,no,no,no,10,10,10,1,1,1
1MP IP camera(CP-UNC-DA10L3s,COMPONENTS,493,JTS,DIP,no,10,10,no,no,no,10,10,10,1,1,1
2MP Ircosmic dome(CP-VCG-SD20L2,COMPONENTS,494,JTS,DIP,no,10,10,no,no,no,10,10,10,1,1,1
2Mp IR bullet(CP-VCG-ST20L2,COMPONENTS,495,JTS,DIP,no,10,10,no,no,no,10,10,10,1,1,1
Bullet camera(CP-VC-113L2AJ,COMPONENTS,496,JTS,DIP,no,10,10,no,no,no,10,10,10,1,1,1
Bullet camera(CP-VC-T10L3,COMPONENTS,497,JTS,DIP,no,10,10,no,no,no,10,10,10,1,1,1
HD camera,COMPONENTS,498,JTS,DIP,no,10,10,no,no,no,10,10,10,1,1,1
IP camera(CP-UNC-D2322L3),COMPONENTS,499,JTS,DIP,no,10,10,no,no,no,10,10,10,1,1,1
(CP-USC-DA13L2),COMPONENTS,500,JTS,DIP,no,10,10,no,no,no,10,10,10,1,1,1
(CP-UNC-T4142L3),COMPONENTS,501,JTS,DIP,no,10,10,no,no,no,10,10,10,1,1,1
(CP-UVC-TA13L2-V1),COMPONENTS,502,JTS,DIP,no,10,10,no,no,no,10,10,10,1,1,1
Hikvison IR dome(DS-2CD110F),COMPONENTS,503,JTS,DIP,no,10,10,no,no,no,10,10,10,1,1,1
Hikvison IR mini bullet(DS-2CD2010F,COMPONENTS,504,JTS,DIP,no,10,10,no,no,no,10,10,10,1,1,1
5port hub,COMPONENTS,505,JTS,DIP,no,10,10,no,no,no,10,10,10,1,1,1
Hdmi splitter (1*4),COMPONENTS,506,JTS,DIP,no,10,10,no,no,no,10,10,10,1,1,1
MicromaxLEDmonitor18.5”,COMPONENTS,507,JTS,DIP,no,10,10,no,no,no,10,10,10,1,1,1
Biostar mother board,COMPONENTS,508,JTS,DIP,no,10,10,no,no,no,10,10,10,1,1,1
GPS module,COMPONENTS,509,JTS,DIP,no,10,10,no,no,no,10,10,10,1,1,1
Vibration detector ckt,COMPONENTS,510,JTS,DIP,no,10,10,no,no,no,10,10,10,1,1,1
Water pump motor,COMPONENTS,511,JTS,DIP,no,10,10,no,no,no,10,10,10,1,1,1
GSM modules(China),COMPONENTS,512,JTS,DIP,no,10,10,no,no,no,10,10,10,1,1,1
Neon lamp panel mount RED,COMPONENTS,513,JTS,DIP,no,10,10,no,no,no,10,10,10,1,1,1
Neon lamp panel mount GREEN,COMPONENTS,514,JTS,DIP,no,10,10,no,no,no,10,10,10,1,1,1
Shutter alram locks,COMPONENTS,515,JTS,DIP,no,10,10,no,no,no,10,10,10,1,1,1
Shutter alram speakers,COMPONENTS,516,JTS,DIP,no,10,10,no,no,no,10,10,10,1,1,1
3pin AC female connector (panel),COMPONENTS,517,JTS,DIP,no,10,10,no,no,no,10,10,10,1,1,1
GSM-sim800l,COMPONENTS,518,JTS,DIP,no,10,10,no,no,no,10,10,10,1,1,1
MIKE,COMPONENTS,519,JTS,DIP,no,10,10,no,no,no,10,10,10,1,1,1
Amplifier,COMPONENTS,520,JTS,DIP,no,10,10,no,no,no,10,10,10,1,1,1
Power supply,COMPONENTS,521,JTS,DIP,no,10,10,no,no,no,10,10,10,1,1,1
cable set,COMPONENTS,522,JTS,DIP,no,10,10,no,no,no,10,10,10,1,1,1
12v/10A relay DP transperent,COMPONENTS,523,JTS,DIP,no,10,10,no,no,no,10,10,10,1,1,1
5v6(sod80)zenor,COMPONENTS,524,JTS,DIP,no,10,10,no,no,no,10,10,10,1,1,1
Battery Holder 3set,COMPONENTS,525,JTS,DIP,no,10,10,no,no,no,10,10,10,1,1,1
Shutter alarm board soldered,COMPONENTS,526,JTS,DIP,no,10,10,no,no,no,10,10,10,1,1,1
LED holder red,COMPONENTS,527,JTS,DIP,no,10,10,no,no,no,10,10,10,1,1,1
LED holder green,COMPONENTS,528,JTS,DIP,no,10,10,no,no,no,10,10,10,1,1,1
Sticker tags,COMPONENTS,529,JTS,DIP,no,10,10,no,no,no,10,10,10,1,1,1
2pin maleconnector(pcb),COMPONENTS,530,JTS,DIP,no,10,10,no,no,no,10,10,10,1,1,1
VGA cable,COMPONENTS,531,JTS,DIP,no,10,10,no,no,no,10,10,10,1,1,1
 1.5”magnetic senor without case,COMPONENTS,532,JTS,DIP,no,10,10,no,no,no,10,10,10,1,1,1
TNY267pn,COMPONENTS,533,JTS,DIP,no,10,10,no,no,no,10,10,10,1,1,1
KBP210,COMPONENTS,534,JTS,DIP,no,10,10,no,no,no,10,10,10,1,1,1
SFH6106,COMPONENTS,535,JTS,DIP,no,10,10,no,no,no,10,10,10,1,1,1
BA159 diode,COMPONENTS,536,JTS,DIP,no,10,10,no,no,no,10,10,10,1,1,1
100M/0.5w resistor,COMPONENTS,537,JTS,DIP,no,10,10,no,no,no,10,10,10,1,1,1
10mfd/450v capacitor,COMPONENTS,538,JTS,DIP,no,10,10,no,no,no,10,10,10,1,1,1
Samsung LED monitor,COMPONENTS,539,JTS,DIP,no,10,10,no,no,no,10,10,10,1,1,1
Sensor wire connector,COMPONENTS,540,JTS,DIP,no,10,10,no,no,no,10,10,10,1,1,1
8pin octalM&F,COMPONENTS,541,JTS,DIP,no,10,10,no,no,no,10,10,10,1,1,1
PCF8574smd,COMPONENTS,542,JTS,DIP,no,10,10,no,no,no,10,10,10,1,1,1
PCF8575md,COMPONENTS,543,JTS,DIP,no,10,10,no,no,no,10,10,10,1,1,1
470Esmd(1206),COMPONENTS,544,JTS,DIP,no,10,10,no,no,no,10,10,10,1,1,1
33k smd(1206),COMPONENTS,545,JTS,DIP,no,10,10,no,no,no,10,10,10,1,1,1
Msboxes shutter alarm,COMPONENTS,546,JTS,DIP,no,10,10,no,no,no,10,10,10,1,1,1
2N6107transistor,COMPONENTS,547,JTS,DIP,no,10,10,no,no,no,10,10,10,1,1,1
Bar magnet,COMPONENTS,548,JTS,DIP,no,10,10,no,no,no,10,10,10,1,1,1
BNCpin,COMPONENTS,549,JTS,DIP,no,10,10,no,no,no,10,10,10,1,1,1
,,,JTS,,,,,,,,,,,,,
,,,JTS,,,,,,,,,,,,,
,,,JTS,,,,,,,,,,,,,
,,,JTS,,,,,,,,,,,,,
,,,JTS,,,,,,,,,,,,,
,,,JTS,,,,,,,,,,,,,
,,,JTS,,,,,,,,,,,,,
,,,JTS,,,,,,,,,,,,,
,,,JTS,,,,,,,,,,,,,
